{
  "id": "coc_solo_investigator_rolltables",
  "title": "Solo Investigator Rollable Tables for Call of Cthulhu 7e",
  "description": "Rollable tables from The Solo Investigator Handbook for solo play.",
  "authors": [
    {
    "name": "SnobbishBastard"
    },
    {
    "name": "Paul Bimler"
    }
  ],
  "packs": [
    {
      "name": "verbs",
      "label": "Verbs",
      "path": "./packs/verbs",
      "type": "RollTable"
    },
    {
      "name": "qa_rolls",
      "label": "Q/A Rolls",
      "path": "./packs/qa_rolls",
      "type": "RollTable"
    },
    {
      "name": "oracles",
      "label": "Oracles",
      "path": "./packs/oracles",
      "type": "RollTable"
    }
  ],
  "packFolders": [
    {
      "name":"COC: Solo Investigator Rollable Tables",
      "packs":[],
      "folders": [
        {
          "name": "Oracles",
          "packs": ["oracles"]
        },
        {
          "name":"Q/A Rolls",
          "packs": ["qa_rolls"]
        },
        {
          "name":"Verbs",
          "packs":["verbs"]
        }
      ]
    }
  ],
  "version": "1.0.0",
  "compatibility": {
    "minimum": "11",
    "verified": "12"
  },
  "url": "https://github.com/Psychedelicboy/coc_solo_investigator_rolltables",
  "manifest": "https://github.com/Psychedelicboy/coc_solo_investigator_rolltables/releases/latest/download/module.json",
  "download": "https://github.com/Psychedelicboy/coc_solo_investigator_rolltables/releases/latest/download/coc_solo_investigator_rolltables.zip"
}
