{
  "folder": "ZeIVFtKaV5E3Q8Nz",
  "name": "Q/A Roll (A Certainty)",
  "img": "icons/svg/d20-grey.svg",
  "description": "",
  "results": [
    {
      "type": "text",
      "weight": 1,
      "range": [
        1,
        34
      ],
      "drawn": false,
      "_id": "mKPhesGlIlisfIVY",
      "text": "No",
      "img": "icons/svg/d20-black.svg",
      "documentId": null,
      "flags": {}
    },
    {
      "type": "text",
      "weight": 1,
      "range": [
        35,
        59
      ],
      "drawn": false,
      "_id": "q7MF1WJQPvhQyMw6",
      "text": "Maybe",
      "img": "icons/svg/d20-black.svg",
      "documentId": null,
      "flags": {}
    },
    {
      "type": "text",
      "weight": 1,
      "range": [
        60,
        100
      ],
      "drawn": false,
      "_id": "RNE3e0LI9Y3MhTg6",
      "text": "Yes",
      "img": "icons/svg/d20-black.svg",
      "documentId": null,
      "flags": {}
    }
  ],
  "replacement": true,
  "displayRoll": true,
  "formula": "1d100 + 60"
}
