{
  "folder": "ZeIVFtKaV5E3Q8Nz",
  "name": "Q/A Roll (Likely)",
  "img": "icons/svg/d20-grey.svg",
  "description": "",
  "results": [
    {
      "type": "text",
      "weight": 1,
      "range": [
        1,
        34
      ],
      "drawn": false,
      "_id": "TvR1wiKV1q6yPxNQ",
      "text": "No",
      "img": "icons/svg/d20-black.svg",
      "documentId": null,
      "flags": {}
    },
    {
      "type": "text",
      "weight": 1,
      "range": [
        34,
        59
      ],
      "drawn": false,
      "_id": "SeXl4w5vBfA8hfwy",
      "text": "Maybe",
      "img": "icons/svg/d20-black.svg",
      "documentId": null,
      "flags": {}
    },
    {
      "type": "text",
      "weight": 1,
      "range": [
        60,
        100
      ],
      "drawn": false,
      "_id": "wtrkgeA6fZHiqFXZ",
      "text": "Yes",
      "img": "icons/svg/d20-black.svg",
      "documentId": null,
      "flags": {}
    }
  ],
  "replacement": true,
  "displayRoll": true,
  "formula": "1d100 + 20"
}
