{
  "folder": "2RXohXhgj0AEDW4S",
  "name": "Verbs (400-499)",
  "img": "icons/svg/d20-grey.svg",
  "description": "",
  "results": [
    {
      "type": "text",
      "weight": 1,
      "range": [
        1,
        1
      ],
      "drawn": false,
      "_id": "097Bpaz2ISFokL6J",
      "text": "rejoice",
      "img": "icons/svg/d20-black.svg",
      "documentId": null,
      "flags": {}
    },
    {
      "type": "text",
      "weight": 1,
      "range": [
        2,
        2
      ],
      "drawn": false,
      "_id": "I7CE6NhVcMRPBg8R",
      "text": "remark",
      "img": "icons/svg/d20-black.svg",
      "documentId": null,
      "flags": {}
    },
    {
      "type": "text",
      "weight": 1,
      "range": [
        3,
        3
      ],
      "drawn": false,
      "_id": "sF94p82geviCdAq1",
      "text": "renege",
      "img": "icons/svg/d20-black.svg",
      "documentId": null,
      "flags": {}
    },
    {
      "type": "text",
      "weight": 1,
      "range": [
        4,
        4
      ],
      "drawn": false,
      "_id": "CWfpxaukjWf2AVKp",
      "text": "repair",
      "img": "icons/svg/d20-black.svg",
      "documentId": null,
      "flags": {}
    },
    {
      "type": "text",
      "weight": 1,
      "range": [
        5,
        5
      ],
      "drawn": false,
      "_id": "aS7Xf6Zf1eR7WgdU",
      "text": "research",
      "img": "icons/svg/d20-black.svg",
      "documentId": null,
      "flags": {}
    },
    {
      "type": "text",
      "weight": 1,
      "range": [
        6,
        6
      ],
      "drawn": false,
      "_id": "FUCE1SKxDmbTFdbV",
      "text": "rescue",
      "img": "icons/svg/d20-black.svg",
      "documentId": null,
      "flags": {}
    },
    {
      "type": "text",
      "weight": 1,
      "range": [
        7,
        7
      ],
      "drawn": false,
      "_id": "hGHrax3jhTJkVBEp",
      "text": "resist",
      "img": "icons/svg/d20-black.svg",
      "documentId": null,
      "flags": {}
    },
    {
      "type": "text",
      "weight": 1,
      "range": [
        8,
        8
      ],
      "drawn": false,
      "_id": "AWygU3NHNL4PBIVn",
      "text": "restrain",
      "img": "icons/svg/d20-black.svg",
      "documentId": null,
      "flags": {}
    },
    {
      "type": "text",
      "weight": 1,
      "range": [
        9,
        9
      ],
      "drawn": false,
      "_id": "kCGq2CPde8JASo6i",
      "text": "resurrect",
      "img": "icons/svg/d20-black.svg",
      "documentId": null,
      "flags": {}
    },
    {
      "type": "text",
      "weight": 1,
      "range": [
        10,
        10
      ],
      "drawn": false,
      "_id": "J3XyCnFmQQyBlsqO",
      "text": "reveal",
      "img": "icons/svg/d20-black.svg",
      "documentId": null,
      "flags": {}
    },
    {
      "type": "text",
      "weight": 1,
      "range": [
        11,
        11
      ],
      "drawn": false,
      "_id": "wBp2Wr0tesXunOPF",
      "text": "revolt",
      "img": "icons/svg/d20-black.svg",
      "documentId": null,
      "flags": {}
    },
    {
      "type": "text",
      "weight": 1,
      "range": [
        12,
        12
      ],
      "drawn": false,
      "_id": "KcPNliG7nSYVeSyW",
      "text": "reward",
      "img": "icons/svg/d20-black.svg",
      "documentId": null,
      "flags": {}
    },
    {
      "type": "text",
      "weight": 1,
      "range": [
        13,
        13
      ],
      "drawn": false,
      "_id": "kDDmiii3jxLuWeyu",
      "text": "ridicule",
      "img": "icons/svg/d20-black.svg",
      "documentId": null,
      "flags": {}
    },
    {
      "type": "text",
      "weight": 1,
      "range": [
        14,
        14
      ],
      "drawn": false,
      "_id": "8579pd9biXMNBqFF",
      "text": "riot",
      "img": "icons/svg/d20-black.svg",
      "documentId": null,
      "flags": {}
    },
    {
      "type": "text",
      "weight": 1,
      "range": [
        15,
        15
      ],
      "drawn": false,
      "_id": "2V8RMelrOxvMrnjo",
      "text": "rob",
      "img": "icons/svg/d20-black.svg",
      "documentId": null,
      "flags": {}
    },
    {
      "type": "text",
      "weight": 1,
      "range": [
        16,
        16
      ],
      "drawn": false,
      "_id": "JAnKdcO3yEEFtvvV",
      "text": "run",
      "img": "icons/svg/d20-black.svg",
      "documentId": null,
      "flags": {}
    },
    {
      "type": "text",
      "weight": 1,
      "range": [
        17,
        17
      ],
      "drawn": false,
      "_id": "mjC0HK8FTxfBbDwe",
      "text": "rush",
      "img": "icons/svg/d20-black.svg",
      "documentId": null,
      "flags": {}
    },
    {
      "type": "text",
      "weight": 1,
      "range": [
        18,
        18
      ],
      "drawn": false,
      "_id": "RXO74uK6CulcWv2l",
      "text": "salute",
      "img": "icons/svg/d20-black.svg",
      "documentId": null,
      "flags": {}
    },
    {
      "type": "text",
      "weight": 1,
      "range": [
        19,
        19
      ],
      "drawn": false,
      "_id": "1bADSK32zkuWqezP",
      "text": "scamper",
      "img": "icons/svg/d20-black.svg",
      "documentId": null,
      "flags": {}
    },
    {
      "type": "text",
      "weight": 1,
      "range": [
        20,
        20
      ],
      "drawn": false,
      "_id": "Bd4vQNTAA2umYCE6",
      "text": "scare",
      "img": "icons/svg/d20-black.svg",
      "documentId": null,
      "flags": {}
    },
    {
      "type": "text",
      "weight": 1,
      "range": [
        21,
        21
      ],
      "drawn": false,
      "_id": "DVuDsMv0j2JrnD6h",
      "text": "scavenge",
      "img": "icons/svg/d20-black.svg",
      "documentId": null,
      "flags": {}
    },
    {
      "type": "text",
      "weight": 1,
      "range": [
        22,
        22
      ],
      "drawn": false,
      "_id": "9XglCOdvO5FrfsP3",
      "text": "scream",
      "img": "icons/svg/d20-black.svg",
      "documentId": null,
      "flags": {}
    },
    {
      "type": "text",
      "weight": 1,
      "range": [
        23,
        23
      ],
      "drawn": false,
      "_id": "yOZekaKbvJKtbXmc",
      "text": "scrounge",
      "img": "icons/svg/d20-black.svg",
      "documentId": null,
      "flags": {}
    },
    {
      "type": "text",
      "weight": 1,
      "range": [
        24,
        24
      ],
      "drawn": false,
      "_id": "6WLVhcOnujm05jTk",
      "text": "search",
      "img": "icons/svg/d20-black.svg",
      "documentId": null,
      "flags": {}
    },
    {
      "type": "text",
      "weight": 1,
      "range": [
        25,
        25
      ],
      "drawn": false,
      "_id": "WEUyLykRXYCO067y",
      "text": "secure",
      "img": "icons/svg/d20-black.svg",
      "documentId": null,
      "flags": {}
    },
    {
      "type": "text",
      "weight": 1,
      "range": [
        26,
        26
      ],
      "drawn": false,
      "_id": "vBL5if4uDgYUJ4vS",
      "text": "seduce",
      "img": "icons/svg/d20-black.svg",
      "documentId": null,
      "flags": {}
    },
    {
      "type": "text",
      "weight": 1,
      "range": [
        27,
        27
      ],
      "drawn": false,
      "_id": "d3F9usi0upHdickq",
      "text": "segregate",
      "img": "icons/svg/d20-black.svg",
      "documentId": null,
      "flags": {}
    },
    {
      "type": "text",
      "weight": 1,
      "range": [
        28,
        28
      ],
      "drawn": false,
      "_id": "ofCP4Ahi3enXCIXc",
      "text": "seize",
      "img": "icons/svg/d20-black.svg",
      "documentId": null,
      "flags": {}
    },
    {
      "type": "text",
      "weight": 1,
      "range": [
        29,
        29
      ],
      "drawn": false,
      "_id": "3nYoLv7CYTZ301uk",
      "text": "sell",
      "img": "icons/svg/d20-black.svg",
      "documentId": null,
      "flags": {}
    },
    {
      "type": "text",
      "weight": 1,
      "range": [
        30,
        30
      ],
      "drawn": false,
      "_id": "BvOyT0iuipOvS9aX",
      "text": "ship",
      "img": "icons/svg/d20-black.svg",
      "documentId": null,
      "flags": {}
    },
    {
      "type": "text",
      "weight": 1,
      "range": [
        31,
        31
      ],
      "drawn": false,
      "_id": "1OZpDI0cXARRdEGb",
      "text": "shout",
      "img": "icons/svg/d20-black.svg",
      "documentId": null,
      "flags": {}
    },
    {
      "type": "text",
      "weight": 1,
      "range": [
        32,
        32
      ],
      "drawn": false,
      "_id": "m2hOldLTFK3rFBvZ",
      "text": "shove",
      "img": "icons/svg/d20-black.svg",
      "documentId": null,
      "flags": {}
    },
    {
      "type": "text",
      "weight": 1,
      "range": [
        33,
        33
      ],
      "drawn": false,
      "_id": "qo8VuX7UJPPg4KlS",
      "text": "show",
      "img": "icons/svg/d20-black.svg",
      "documentId": null,
      "flags": {}
    },
    {
      "type": "text",
      "weight": 1,
      "range": [
        34,
        34
      ],
      "drawn": false,
      "_id": "yXiDIXAlwO6EUQCq",
      "text": "silence",
      "img": "icons/svg/d20-black.svg",
      "documentId": null,
      "flags": {}
    },
    {
      "type": "text",
      "weight": 1,
      "range": [
        35,
        35
      ],
      "drawn": false,
      "_id": "t3wcFjlHAGUT41nb",
      "text": "sing",
      "img": "icons/svg/d20-black.svg",
      "documentId": null,
      "flags": {}
    },
    {
      "type": "text",
      "weight": 1,
      "range": [
        36,
        36
      ],
      "drawn": false,
      "_id": "YPonW0NKFBhglxLk",
      "text": "slaughter",
      "img": "icons/svg/d20-black.svg",
      "documentId": null,
      "flags": {}
    },
    {
      "type": "text",
      "weight": 1,
      "range": [
        37,
        37
      ],
      "drawn": false,
      "_id": "aKFffc3uUYNWtCpr",
      "text": "sleep",
      "img": "icons/svg/d20-black.svg",
      "documentId": null,
      "flags": {}
    },
    {
      "type": "text",
      "weight": 1,
      "range": [
        38,
        38
      ],
      "drawn": false,
      "_id": "wQU0h4U5IV0kAx3J",
      "text": "smash",
      "img": "icons/svg/d20-black.svg",
      "documentId": null,
      "flags": {}
    },
    {
      "type": "text",
      "weight": 1,
      "range": [
        39,
        39
      ],
      "drawn": false,
      "_id": "tQsZjn7zVOLJD4Za",
      "text": "sob",
      "img": "icons/svg/d20-black.svg",
      "documentId": null,
      "flags": {}
    },
    {
      "type": "text",
      "weight": 1,
      "range": [
        40,
        40
      ],
      "drawn": false,
      "_id": "lkrBop3Dcf0nfxpO",
      "text": "solicit",
      "img": "icons/svg/d20-black.svg",
      "documentId": null,
      "flags": {}
    },
    {
      "type": "text",
      "weight": 1,
      "range": [
        41,
        41
      ],
      "drawn": false,
      "_id": "b75vcH6viIVLCYs0",
      "text": "speak",
      "img": "icons/svg/d20-black.svg",
      "documentId": null,
      "flags": {}
    },
    {
      "type": "text",
      "weight": 1,
      "range": [
        42,
        42
      ],
      "drawn": false,
      "_id": "c3IeKdT9nJwlI26z",
      "text": "spill",
      "img": "icons/svg/d20-black.svg",
      "documentId": null,
      "flags": {}
    },
    {
      "type": "text",
      "weight": 1,
      "range": [
        43,
        43
      ],
      "drawn": false,
      "_id": "TWCroIs0I7vKAc8j",
      "text": "spit",
      "img": "icons/svg/d20-black.svg",
      "documentId": null,
      "flags": {}
    },
    {
      "type": "text",
      "weight": 1,
      "range": [
        44,
        44
      ],
      "drawn": false,
      "_id": "A8IfiSGGDLJE9hWI",
      "text": "spy",
      "img": "icons/svg/d20-black.svg",
      "documentId": null,
      "flags": {}
    },
    {
      "type": "text",
      "weight": 1,
      "range": [
        45,
        45
      ],
      "drawn": false,
      "_id": "5mZOQFQZusB4N3QU",
      "text": "stab",
      "img": "icons/svg/d20-black.svg",
      "documentId": null,
      "flags": {}
    },
    {
      "type": "text",
      "weight": 1,
      "range": [
        46,
        46
      ],
      "drawn": false,
      "_id": "sy7Hc06FCOe6mXBR",
      "text": "stage",
      "img": "icons/svg/d20-black.svg",
      "documentId": null,
      "flags": {}
    },
    {
      "type": "text",
      "weight": 1,
      "range": [
        47,
        47
      ],
      "drawn": false,
      "_id": "PafjdfqBIm0ws3ZM",
      "text": "startle",
      "img": "icons/svg/d20-black.svg",
      "documentId": null,
      "flags": {}
    },
    {
      "type": "text",
      "weight": 1,
      "range": [
        48,
        48
      ],
      "drawn": false,
      "_id": "ZZ6xBfROezEc8mMT",
      "text": "steal",
      "img": "icons/svg/d20-black.svg",
      "documentId": null,
      "flags": {}
    },
    {
      "type": "text",
      "weight": 1,
      "range": [
        49,
        49
      ],
      "drawn": false,
      "_id": "3oy9by4rjJ2zPw4u",
      "text": "stop",
      "img": "icons/svg/d20-black.svg",
      "documentId": null,
      "flags": {}
    },
    {
      "type": "text",
      "weight": 1,
      "range": [
        50,
        50
      ],
      "drawn": false,
      "_id": "Rhpm6wQz14LaggS4",
      "text": "strangle",
      "img": "icons/svg/d20-black.svg",
      "documentId": null,
      "flags": {}
    },
    {
      "type": "text",
      "weight": 1,
      "range": [
        51,
        51
      ],
      "drawn": false,
      "_id": "n8UtqeqOI3HFBLD5",
      "text": "strike",
      "img": "icons/svg/d20-black.svg",
      "documentId": null,
      "flags": {}
    },
    {
      "type": "text",
      "weight": 1,
      "range": [
        52,
        52
      ],
      "drawn": false,
      "_id": "O8q68hlG36aCK9I6",
      "text": "subdue",
      "img": "icons/svg/d20-black.svg",
      "documentId": null,
      "flags": {}
    },
    {
      "type": "text",
      "weight": 1,
      "range": [
        53,
        53
      ],
      "drawn": false,
      "_id": "x550OB7UxRkiDIek",
      "text": "suffer",
      "img": "icons/svg/d20-black.svg",
      "documentId": null,
      "flags": {}
    },
    {
      "type": "text",
      "weight": 1,
      "range": [
        54,
        54
      ],
      "drawn": false,
      "_id": "D6KF6ik0JgcJtVyb",
      "text": "summon",
      "img": "icons/svg/d20-black.svg",
      "documentId": null,
      "flags": {}
    },
    {
      "type": "text",
      "weight": 1,
      "range": [
        55,
        55
      ],
      "drawn": false,
      "_id": "d8qmToJZFGAFuyFL",
      "text": "surround",
      "img": "icons/svg/d20-black.svg",
      "documentId": null,
      "flags": {}
    },
    {
      "type": "text",
      "weight": 1,
      "range": [
        56,
        56
      ],
      "drawn": false,
      "_id": "5U1JrLzWUIu6i9GA",
      "text": "suspect",
      "img": "icons/svg/d20-black.svg",
      "documentId": null,
      "flags": {}
    },
    {
      "type": "text",
      "weight": 1,
      "range": [
        57,
        57
      ],
      "drawn": false,
      "_id": "9DYvJFLAu6hmj7qg",
      "text": "take",
      "img": "icons/svg/d20-black.svg",
      "documentId": null,
      "flags": {}
    },
    {
      "type": "text",
      "weight": 1,
      "range": [
        58,
        58
      ],
      "drawn": false,
      "_id": "5Dpv7OxIsGNUwYCQ",
      "text": "taunt",
      "img": "icons/svg/d20-black.svg",
      "documentId": null,
      "flags": {}
    },
    {
      "type": "text",
      "weight": 1,
      "range": [
        59,
        59
      ],
      "drawn": false,
      "_id": "wCvYGdlthZH0FDrj",
      "text": "tease",
      "img": "icons/svg/d20-black.svg",
      "documentId": null,
      "flags": {}
    },
    {
      "type": "text",
      "weight": 1,
      "range": [
        60,
        60
      ],
      "drawn": false,
      "_id": "9jONDSO2fTjj5PRg",
      "text": "tempt",
      "img": "icons/svg/d20-black.svg",
      "documentId": null,
      "flags": {}
    },
    {
      "type": "text",
      "weight": 1,
      "range": [
        61,
        61
      ],
      "drawn": false,
      "_id": "pxrt1oIEZ58yALBu",
      "text": "terrify",
      "img": "icons/svg/d20-black.svg",
      "documentId": null,
      "flags": {}
    },
    {
      "type": "text",
      "weight": 1,
      "range": [
        62,
        62
      ],
      "drawn": false,
      "_id": "7vFW8M6AtH1Bdxd7",
      "text": "terrorize",
      "img": "icons/svg/d20-black.svg",
      "documentId": null,
      "flags": {}
    },
    {
      "type": "text",
      "weight": 1,
      "range": [
        63,
        63
      ],
      "drawn": false,
      "_id": "MTrqxRzcOZnwYVvJ",
      "text": "thank",
      "img": "icons/svg/d20-black.svg",
      "documentId": null,
      "flags": {}
    },
    {
      "type": "text",
      "weight": 1,
      "range": [
        64,
        64
      ],
      "drawn": false,
      "_id": "2EOxWF1Nb60PpLRy",
      "text": "threaten",
      "img": "icons/svg/d20-black.svg",
      "documentId": null,
      "flags": {}
    },
    {
      "type": "text",
      "weight": 1,
      "range": [
        65,
        65
      ],
      "drawn": false,
      "_id": "VvgrP8DQ8TyXJUyt",
      "text": "throw",
      "img": "icons/svg/d20-black.svg",
      "documentId": null,
      "flags": {}
    },
    {
      "type": "text",
      "weight": 1,
      "range": [
        66,
        66
      ],
      "drawn": false,
      "_id": "TrNFpWMUJ1cTNu8V",
      "text": "torment",
      "img": "icons/svg/d20-black.svg",
      "documentId": null,
      "flags": {}
    },
    {
      "type": "text",
      "weight": 1,
      "range": [
        67,
        67
      ],
      "drawn": false,
      "_id": "XOHKp0HZvBm1IfuJ",
      "text": "torture",
      "img": "icons/svg/d20-black.svg",
      "documentId": null,
      "flags": {}
    },
    {
      "type": "text",
      "weight": 1,
      "range": [
        68,
        68
      ],
      "drawn": false,
      "_id": "84dCChYAxYqg8W8w",
      "text": "trade",
      "img": "icons/svg/d20-black.svg",
      "documentId": null,
      "flags": {}
    },
    {
      "type": "text",
      "weight": 1,
      "range": [
        69,
        69
      ],
      "drawn": false,
      "_id": "l2KemF5zd4Et7Kcd",
      "text": "transform",
      "img": "icons/svg/d20-black.svg",
      "documentId": null,
      "flags": {}
    },
    {
      "type": "text",
      "weight": 1,
      "range": [
        70,
        70
      ],
      "drawn": false,
      "_id": "TtgnfUfoJXglwI2Z",
      "text": "translate",
      "img": "icons/svg/d20-black.svg",
      "documentId": null,
      "flags": {}
    },
    {
      "type": "text",
      "weight": 1,
      "range": [
        71,
        71
      ],
      "drawn": false,
      "_id": "ROSz5AoqpK2W9pCk",
      "text": "transport",
      "img": "icons/svg/d20-black.svg",
      "documentId": null,
      "flags": {}
    },
    {
      "type": "text",
      "weight": 1,
      "range": [
        72,
        72
      ],
      "drawn": false,
      "_id": "eOU0qwdMd2i9obGd",
      "text": "trap",
      "img": "icons/svg/d20-black.svg",
      "documentId": null,
      "flags": {}
    },
    {
      "type": "text",
      "weight": 1,
      "range": [
        73,
        73
      ],
      "drawn": false,
      "_id": "FO0ZPRtqc8Pl0JwN",
      "text": "travel",
      "img": "icons/svg/d20-black.svg",
      "documentId": null,
      "flags": {}
    },
    {
      "type": "text",
      "weight": 1,
      "range": [
        74,
        74
      ],
      "drawn": false,
      "_id": "mS4qtTdwTu3VUj2Q",
      "text": "tug",
      "img": "icons/svg/d20-black.svg",
      "documentId": null,
      "flags": {}
    },
    {
      "type": "text",
      "weight": 1,
      "range": [
        75,
        75
      ],
      "drawn": false,
      "_id": "bQ3kNrjnfWuGpI2s",
      "text": "unite",
      "img": "icons/svg/d20-black.svg",
      "documentId": null,
      "flags": {}
    },
    {
      "type": "text",
      "weight": 1,
      "range": [
        76,
        76
      ],
      "drawn": false,
      "_id": "zm6kPZ9ENvBcmyLP",
      "text": "unleash",
      "img": "icons/svg/d20-black.svg",
      "documentId": null,
      "flags": {}
    },
    {
      "type": "text",
      "weight": 1,
      "range": [
        77,
        77
      ],
      "drawn": false,
      "_id": "hLTnJwVEyqqjgw1b",
      "text": "unload",
      "img": "icons/svg/d20-black.svg",
      "documentId": null,
      "flags": {}
    },
    {
      "type": "text",
      "weight": 1,
      "range": [
        78,
        78
      ],
      "drawn": false,
      "_id": "soQ5EU0hRSLMqtnS",
      "text": "unveil",
      "img": "icons/svg/d20-black.svg",
      "documentId": null,
      "flags": {}
    },
    {
      "type": "text",
      "weight": 1,
      "range": [
        79,
        79
      ],
      "drawn": false,
      "_id": "iEMmIYOyA3pJovDY",
      "text": "vandalize",
      "img": "icons/svg/d20-black.svg",
      "documentId": null,
      "flags": {}
    },
    {
      "type": "text",
      "weight": 1,
      "range": [
        80,
        80
      ],
      "drawn": false,
      "_id": "ISEfApcE0rbToP9B",
      "text": "vanish",
      "img": "icons/svg/d20-black.svg",
      "documentId": null,
      "flags": {}
    },
    {
      "type": "text",
      "weight": 1,
      "range": [
        81,
        81
      ],
      "drawn": false,
      "_id": "IXePp0We9qdXOBDk",
      "text": "victimize",
      "img": "icons/svg/d20-black.svg",
      "documentId": null,
      "flags": {}
    },
    {
      "type": "text",
      "weight": 1,
      "range": [
        82,
        82
      ],
      "drawn": false,
      "_id": "ZKSvcnuZRK0reMfh",
      "text": "violate",
      "img": "icons/svg/d20-black.svg",
      "documentId": null,
      "flags": {}
    },
    {
      "type": "text",
      "weight": 1,
      "range": [
        83,
        83
      ],
      "drawn": false,
      "_id": "dddgL0zFkICwYuh4",
      "text": "volunteer",
      "img": "icons/svg/d20-black.svg",
      "documentId": null,
      "flags": {}
    },
    {
      "type": "text",
      "weight": 1,
      "range": [
        84,
        84
      ],
      "drawn": false,
      "_id": "AijrrTJIFb5p6qh6",
      "text": "wait",
      "img": "icons/svg/d20-black.svg",
      "documentId": null,
      "flags": {}
    },
    {
      "type": "text",
      "weight": 1,
      "range": [
        85,
        85
      ],
      "drawn": false,
      "_id": "JmSCKgBR1qWXRYzq",
      "text": "warn",
      "img": "icons/svg/d20-black.svg",
      "documentId": null,
      "flags": {}
    },
    {
      "type": "text",
      "weight": 1,
      "range": [
        86,
        86
      ],
      "drawn": false,
      "_id": "7lYzxrdVlWNao7UP",
      "text": "wave",
      "img": "icons/svg/d20-black.svg",
      "documentId": null,
      "flags": {}
    },
    {
      "type": "text",
      "weight": 1,
      "range": [
        87,
        87
      ],
      "drawn": false,
      "_id": "sIOIzC7fZwNSqICn",
      "text": "weep",
      "img": "icons/svg/d20-black.svg",
      "documentId": null,
      "flags": {}
    },
    {
      "type": "text",
      "weight": 1,
      "range": [
        88,
        88
      ],
      "drawn": false,
      "_id": "1BadkS7zy4CtCuqq",
      "text": "welcome",
      "img": "icons/svg/d20-black.svg",
      "documentId": null,
      "flags": {}
    },
    {
      "type": "text",
      "weight": 1,
      "range": [
        89,
        89
      ],
      "drawn": false,
      "_id": "oHnZ3rP6arZ4g8Nz",
      "text": "whittle",
      "img": "icons/svg/d20-black.svg",
      "documentId": null,
      "flags": {}
    },
    {
      "type": "text",
      "weight": 1,
      "range": [
        90,
        90
      ],
      "drawn": false,
      "_id": "SlFnUgmE9Ulmvnbf",
      "text": "wield",
      "img": "icons/svg/d20-black.svg",
      "documentId": null,
      "flags": {}
    },
    {
      "type": "text",
      "weight": 1,
      "range": [
        91,
        91
      ],
      "drawn": false,
      "_id": "9EZPRJ1PfqofDOGS",
      "text": "win",
      "img": "icons/svg/d20-black.svg",
      "documentId": null,
      "flags": {}
    },
    {
      "type": "text",
      "weight": 1,
      "range": [
        92,
        92
      ],
      "drawn": false,
      "_id": "GJ4rjVN86AZd0a2G",
      "text": "wink",
      "img": "icons/svg/d20-black.svg",
      "documentId": null,
      "flags": {}
    },
    {
      "type": "text",
      "weight": 1,
      "range": [
        93,
        93
      ],
      "drawn": false,
      "_id": "TczxhnPVGpA9vvBy",
      "text": "witness",
      "img": "icons/svg/d20-black.svg",
      "documentId": null,
      "flags": {}
    },
    {
      "type": "text",
      "weight": 1,
      "range": [
        94,
        94
      ],
      "drawn": false,
      "_id": "XQeNPjZ6CJoom0JT",
      "text": "worship",
      "img": "icons/svg/d20-black.svg",
      "documentId": null,
      "flags": {}
    },
    {
      "type": "text",
      "weight": 1,
      "range": [
        95,
        95
      ],
      "drawn": false,
      "_id": "LznB5HvAeCP73JYh",
      "text": "wound",
      "img": "icons/svg/d20-black.svg",
      "documentId": null,
      "flags": {}
    },
    {
      "type": "text",
      "weight": 1,
      "range": [
        96,
        96
      ],
      "drawn": false,
      "_id": "74SaeXnFDSUERbKE",
      "text": "wreck",
      "img": "icons/svg/d20-black.svg",
      "documentId": null,
      "flags": {}
    },
    {
      "type": "text",
      "weight": 1,
      "range": [
        97,
        97
      ],
      "drawn": false,
      "_id": "qvk6A46jU1oTrAgs",
      "text": "wrestlewrite",
      "img": "icons/svg/d20-black.svg",
      "documentId": null,
      "flags": {}
    },
    {
      "type": "text",
      "weight": 1,
      "range": [
        98,
        98
      ],
      "drawn": false,
      "_id": "B5WVaUGuXnvdCs2B",
      "text": "yell",
      "img": "icons/svg/d20-black.svg",
      "documentId": null,
      "flags": {}
    },
    {
      "type": "text",
      "weight": 1,
      "range": [
        99,
        99
      ],
      "drawn": false,
      "_id": "uBEYC8h8g2KgqGRQ",
      "text": "yield",
      "img": "icons/svg/d20-black.svg",
      "documentId": null,
      "flags": {}
    }
  ],
  "replacement": true,
  "displayRoll": true,
  "flags": {
    "exportSource": {
      "world": "coc",
      "system": "CoC7",
      "coreVersion": "12.328",
      "systemVersion": "0.10.19"
    }
  },
  "_stats": {
    "coreVersion": "12.328",
    "systemId": "CoC7",
    "systemVersion": "0.10.19",
    "createdTime": 1721560741771,
    "modifiedTime": 1721563182460,
    "lastModifiedBy": "C1FqhRYA3vvqjbRC"
  },
  "formula": "1d100"
}