{
  "folder": "2RXohXhgj0AEDW4S",
  "name": "Verbs (0-99)",
  "img": "icons/svg/d20-grey.svg",
  "description": "",
  "results": [
    {
      "type": "text",
      "weight": 1,
      "range": [
        1,
        1
      ],
      "drawn": false,
      "_id": "AzmbHBftuclMQIfu",
      "text": "abandon",
      "img": "icons/svg/d20-black.svg",
      "documentId": null,
      "flags": {}
    },
    {
      "type": "text",
      "weight": 1,
      "range": [
        2,
        2
      ],
      "drawn": false,
      "_id": "RgbJ4JobQ2ky5lIz",
      "text": "abolish",
      "img": "icons/svg/d20-black.svg",
      "documentId": null,
      "flags": {}
    },
    {
      "type": "text",
      "weight": 1,
      "range": [
        3,
        3
      ],
      "drawn": false,
      "_id": "UaoIRaxY31FoFAnC",
      "text": "abuse",
      "img": "icons/svg/d20-black.svg",
      "documentId": null,
      "flags": {}
    },
    {
      "type": "text",
      "weight": 1,
      "range": [
        4,
        4
      ],
      "drawn": false,
      "_id": "XR7ZXX6EcFos4Fpo",
      "text": "accuse",
      "img": "icons/svg/d20-black.svg",
      "documentId": null,
      "flags": {}
    },
    {
      "type": "text",
      "weight": 1,
      "range": [
        5,
        5
      ],
      "drawn": false,
      "_id": "OQfZs1VaZOnwTBD2",
      "text": "address",
      "img": "icons/svg/d20-black.svg",
      "documentId": null,
      "flags": {}
    },
    {
      "type": "text",
      "weight": 1,
      "range": [
        6,
        6
      ],
      "drawn": false,
      "_id": "TZjIbobSfE81YnPn",
      "text": "aggravate",
      "img": "icons/svg/d20-black.svg",
      "documentId": null,
      "flags": {}
    },
    {
      "type": "text",
      "weight": 1,
      "range": [
        7,
        7
      ],
      "drawn": false,
      "_id": "odggQBpoRgwfWu6P",
      "text": "agitate",
      "img": "icons/svg/d20-black.svg",
      "documentId": null,
      "flags": {}
    },
    {
      "type": "text",
      "weight": 1,
      "range": [
        8,
        8
      ],
      "drawn": false,
      "_id": "QJcNFlYho8bJNCPj",
      "text": "aid",
      "img": "icons/svg/d20-black.svg",
      "documentId": null,
      "flags": {}
    },
    {
      "type": "text",
      "weight": 1,
      "range": [
        9,
        9
      ],
      "drawn": false,
      "_id": "3qoIkeASfx4nLtfI",
      "text": "aim",
      "img": "icons/svg/d20-black.svg",
      "documentId": null,
      "flags": {}
    },
    {
      "type": "text",
      "weight": 1,
      "range": [
        10,
        10
      ],
      "drawn": false,
      "_id": "YA67kuYOe5bTpwqf",
      "text": "alarm",
      "img": "icons/svg/d20-black.svg",
      "documentId": null,
      "flags": {}
    },
    {
      "type": "text",
      "weight": 1,
      "range": [
        11,
        11
      ],
      "drawn": false,
      "_id": "xklmtuejCZ0KHlLI",
      "text": "alert",
      "img": "icons/svg/d20-black.svg",
      "documentId": null,
      "flags": {}
    },
    {
      "type": "text",
      "weight": 1,
      "range": [
        12,
        12
      ],
      "drawn": false,
      "_id": "39wJbuU5CTZOzFQE",
      "text": "alter",
      "img": "icons/svg/d20-black.svg",
      "documentId": null,
      "flags": {}
    },
    {
      "type": "text",
      "weight": 1,
      "range": [
        13,
        13
      ],
      "drawn": false,
      "_id": "XvnL79XmKZPCKG5R",
      "text": "amaze",
      "img": "icons/svg/d20-black.svg",
      "documentId": null,
      "flags": {}
    },
    {
      "type": "text",
      "weight": 1,
      "range": [
        14,
        14
      ],
      "drawn": false,
      "_id": "XxptcSDLkRWFep1H",
      "text": "ambush",
      "img": "icons/svg/d20-black.svg",
      "documentId": null,
      "flags": {}
    },
    {
      "type": "text",
      "weight": 1,
      "range": [
        15,
        15
      ],
      "drawn": false,
      "_id": "Dkayo03iVqimwaXy",
      "text": "amuse",
      "img": "icons/svg/d20-black.svg",
      "documentId": null,
      "flags": {}
    },
    {
      "type": "text",
      "weight": 1,
      "range": [
        16,
        16
      ],
      "drawn": false,
      "_id": "ZMWxh6fhNqY8arII",
      "text": "annihilate",
      "img": "icons/svg/d20-black.svg",
      "documentId": null,
      "flags": {}
    },
    {
      "type": "text",
      "weight": 1,
      "range": [
        17,
        17
      ],
      "drawn": false,
      "_id": "XkzkkzKmsnrPJ7pS",
      "text": "annoy",
      "img": "icons/svg/d20-black.svg",
      "documentId": null,
      "flags": {}
    },
    {
      "type": "text",
      "weight": 1,
      "range": [
        18,
        18
      ],
      "drawn": false,
      "_id": "V3K2XXEh5g3mhZWa",
      "text": "antagonize",
      "img": "icons/svg/d20-black.svg",
      "documentId": null,
      "flags": {}
    },
    {
      "type": "text",
      "weight": 1,
      "range": [
        19,
        19
      ],
      "drawn": false,
      "_id": "lgXLizJ1LhNkKL6J",
      "text": "appeal",
      "img": "icons/svg/d20-black.svg",
      "documentId": null,
      "flags": {}
    },
    {
      "type": "text",
      "weight": 1,
      "range": [
        20,
        20
      ],
      "drawn": false,
      "_id": "wqFRy2swQNXVXjZX",
      "text": "applaud",
      "img": "icons/svg/d20-black.svg",
      "documentId": null,
      "flags": {}
    },
    {
      "type": "text",
      "weight": 1,
      "range": [
        21,
        21
      ],
      "drawn": false,
      "_id": "wOVkOLa85ayrzQhM",
      "text": "apprehend",
      "img": "icons/svg/d20-black.svg",
      "documentId": null,
      "flags": {}
    },
    {
      "type": "text",
      "weight": 1,
      "range": [
        22,
        22
      ],
      "drawn": false,
      "_id": "5Uq9OIYUUAeEM1q2",
      "text": "approach",
      "img": "icons/svg/d20-black.svg",
      "documentId": null,
      "flags": {}
    },
    {
      "type": "text",
      "weight": 1,
      "range": [
        23,
        23
      ],
      "drawn": false,
      "_id": "0T6ZdMcwDNmuP3qd",
      "text": "argue",
      "img": "icons/svg/d20-black.svg",
      "documentId": null,
      "flags": {}
    },
    {
      "type": "text",
      "weight": 1,
      "range": [
        24,
        24
      ],
      "drawn": false,
      "_id": "LFl0793h9JF8fnKZ",
      "text": "arise",
      "img": "icons/svg/d20-black.svg",
      "documentId": null,
      "flags": {}
    },
    {
      "type": "text",
      "weight": 1,
      "range": [
        25,
        25
      ],
      "drawn": false,
      "_id": "cuQ1ZAr8CKlpRpJj",
      "text": "arouse",
      "img": "icons/svg/d20-black.svg",
      "documentId": null,
      "flags": {}
    },
    {
      "type": "text",
      "weight": 1,
      "range": [
        26,
        26
      ],
      "drawn": false,
      "_id": "6xoDZDFahowGWfOH",
      "text": "arrange",
      "img": "icons/svg/d20-black.svg",
      "documentId": null,
      "flags": {}
    },
    {
      "type": "text",
      "weight": 1,
      "range": [
        27,
        27
      ],
      "drawn": false,
      "_id": "T5QSg3G5aTPZrh2L",
      "text": "arrest",
      "img": "icons/svg/d20-black.svg",
      "documentId": null,
      "flags": {}
    },
    {
      "type": "text",
      "weight": 1,
      "range": [
        28,
        28
      ],
      "drawn": false,
      "_id": "mYPOlaqnXyCsJM67",
      "text": "ask",
      "img": "icons/svg/d20-black.svg",
      "documentId": null,
      "flags": {}
    },
    {
      "type": "text",
      "weight": 1,
      "range": [
        29,
        29
      ],
      "drawn": false,
      "_id": "5fxOLDmKCOsPyD8A",
      "text": "assassinate",
      "img": "icons/svg/d20-black.svg",
      "documentId": null,
      "flags": {}
    },
    {
      "type": "text",
      "weight": 1,
      "range": [
        30,
        30
      ],
      "drawn": false,
      "_id": "y7C9tbeNCMl4VvUP",
      "text": "assault",
      "img": "icons/svg/d20-black.svg",
      "documentId": null,
      "flags": {}
    },
    {
      "type": "text",
      "weight": 1,
      "range": [
        31,
        31
      ],
      "drawn": false,
      "_id": "Gw4fylh2uVEnD9w0",
      "text": "assemble",
      "img": "icons/svg/d20-black.svg",
      "documentId": null,
      "flags": {}
    },
    {
      "type": "text",
      "weight": 1,
      "range": [
        32,
        32
      ],
      "drawn": false,
      "_id": "nAIO0bR4XVhxoIiJ",
      "text": "astonish",
      "img": "icons/svg/d20-black.svg",
      "documentId": null,
      "flags": {}
    },
    {
      "type": "text",
      "weight": 1,
      "range": [
        33,
        33
      ],
      "drawn": false,
      "_id": "nLqFK1k0p2gd8z0C",
      "text": "attack",
      "img": "icons/svg/d20-black.svg",
      "documentId": null,
      "flags": {}
    },
    {
      "type": "text",
      "weight": 1,
      "range": [
        34,
        34
      ],
      "drawn": false,
      "_id": "lzRuxgbNdkjrUHIt",
      "text": "attempt",
      "img": "icons/svg/d20-black.svg",
      "documentId": null,
      "flags": {}
    },
    {
      "type": "text",
      "weight": 1,
      "range": [
        35,
        35
      ],
      "drawn": false,
      "_id": "bfK9EwJASHNUWOoK",
      "text": "attend",
      "img": "icons/svg/d20-black.svg",
      "documentId": null,
      "flags": {}
    },
    {
      "type": "text",
      "weight": 1,
      "range": [
        36,
        36
      ],
      "drawn": false,
      "_id": "bnGDE734wIPjLzlR",
      "text": "auction",
      "img": "icons/svg/d20-black.svg",
      "documentId": null,
      "flags": {}
    },
    {
      "type": "text",
      "weight": 1,
      "range": [
        37,
        37
      ],
      "drawn": false,
      "_id": "Y8my3l6zs5E5BwLj",
      "text": "audition",
      "img": "icons/svg/d20-black.svg",
      "documentId": null,
      "flags": {}
    },
    {
      "type": "text",
      "weight": 1,
      "range": [
        38,
        38
      ],
      "drawn": false,
      "_id": "nGUgH3GIUVY63aIt",
      "text": "avenge",
      "img": "icons/svg/d20-black.svg",
      "documentId": null,
      "flags": {}
    },
    {
      "type": "text",
      "weight": 1,
      "range": [
        39,
        39
      ],
      "drawn": false,
      "_id": "ZGHi38hwM26qLnT2",
      "text": "avert",
      "img": "icons/svg/d20-black.svg",
      "documentId": null,
      "flags": {}
    },
    {
      "type": "text",
      "weight": 1,
      "range": [
        40,
        40
      ],
      "drawn": false,
      "_id": "vHMTItcwOXc8rYx6",
      "text": "babble",
      "img": "icons/svg/d20-black.svg",
      "documentId": null,
      "flags": {}
    },
    {
      "type": "text",
      "weight": 1,
      "range": [
        41,
        41
      ],
      "drawn": false,
      "_id": "PexE2hYIATZEajpn",
      "text": "badmouth",
      "img": "icons/svg/d20-black.svg",
      "documentId": null,
      "flags": {}
    },
    {
      "type": "text",
      "weight": 1,
      "range": [
        42,
        42
      ],
      "drawn": false,
      "_id": "PbzImJ2mLTMIPFeo",
      "text": "bait",
      "img": "icons/svg/d20-black.svg",
      "documentId": null,
      "flags": {}
    },
    {
      "type": "text",
      "weight": 1,
      "range": [
        43,
        43
      ],
      "drawn": false,
      "_id": "bfRziWipMcdsq9fM",
      "text": "ban",
      "img": "icons/svg/d20-black.svg",
      "documentId": null,
      "flags": {}
    },
    {
      "type": "text",
      "weight": 1,
      "range": [
        44,
        44
      ],
      "drawn": false,
      "_id": "juPejZ4DoyvgG6Y5",
      "text": "banish",
      "img": "icons/svg/d20-black.svg",
      "documentId": null,
      "flags": {}
    },
    {
      "type": "text",
      "weight": 1,
      "range": [
        45,
        45
      ],
      "drawn": false,
      "_id": "LVnWKwwRH4VKmATG",
      "text": "baptize",
      "img": "icons/svg/d20-black.svg",
      "documentId": null,
      "flags": {}
    },
    {
      "type": "text",
      "weight": 1,
      "range": [
        46,
        46
      ],
      "drawn": false,
      "_id": "aHfBtcDudGfj09cZ",
      "text": "bargain",
      "img": "icons/svg/d20-black.svg",
      "documentId": null,
      "flags": {}
    },
    {
      "type": "text",
      "weight": 1,
      "range": [
        47,
        47
      ],
      "drawn": false,
      "_id": "qSi99yUzsQY5Y1pr",
      "text": "bark",
      "img": "icons/svg/d20-black.svg",
      "documentId": null,
      "flags": {}
    },
    {
      "type": "text",
      "weight": 1,
      "range": [
        48,
        48
      ],
      "drawn": false,
      "_id": "E3w824HgxiHIkjL4",
      "text": "barricade",
      "img": "icons/svg/d20-black.svg",
      "documentId": null,
      "flags": {}
    },
    {
      "type": "text",
      "weight": 1,
      "range": [
        49,
        49
      ],
      "drawn": false,
      "_id": "4R8lhFEWltxNkAeF",
      "text": "barter",
      "img": "icons/svg/d20-black.svg",
      "documentId": null,
      "flags": {}
    },
    {
      "type": "text",
      "weight": 1,
      "range": [
        50,
        50
      ],
      "drawn": false,
      "_id": "1zHEWNBLFzWdaBWU",
      "text": "bash",
      "img": "icons/svg/d20-black.svg",
      "documentId": null,
      "flags": {}
    },
    {
      "type": "text",
      "weight": 1,
      "range": [
        51,
        51
      ],
      "drawn": false,
      "_id": "aNWRQi2D59G9M4Lj",
      "text": "bawl",
      "img": "icons/svg/d20-black.svg",
      "documentId": null,
      "flags": {}
    },
    {
      "type": "text",
      "weight": 1,
      "range": [
        52,
        52
      ],
      "drawn": false,
      "_id": "pNDMtujEAdHqF9s7",
      "text": "beautify",
      "img": "icons/svg/d20-black.svg",
      "documentId": null,
      "flags": {}
    },
    {
      "type": "text",
      "weight": 1,
      "range": [
        53,
        53
      ],
      "drawn": false,
      "_id": "xRhD3eysu5DvkRH5",
      "text": "beckon",
      "img": "icons/svg/d20-black.svg",
      "documentId": null,
      "flags": {}
    },
    {
      "type": "text",
      "weight": 1,
      "range": [
        54,
        54
      ],
      "drawn": false,
      "_id": "2LL0jKRs5hnjEYoO",
      "text": "befriend",
      "img": "icons/svg/d20-black.svg",
      "documentId": null,
      "flags": {}
    },
    {
      "type": "text",
      "weight": 1,
      "range": [
        55,
        55
      ],
      "drawn": false,
      "_id": "1qDegpHck8vCryjp",
      "text": "beg",
      "img": "icons/svg/d20-black.svg",
      "documentId": null,
      "flags": {}
    },
    {
      "type": "text",
      "weight": 1,
      "range": [
        56,
        56
      ],
      "drawn": false,
      "_id": "e0lyVj8KJFHvMsvL",
      "text": "beguile",
      "img": "icons/svg/d20-black.svg",
      "documentId": null,
      "flags": {}
    },
    {
      "type": "text",
      "weight": 1,
      "range": [
        57,
        57
      ],
      "drawn": false,
      "_id": "BghoUJfgJhPrwGqr",
      "text": "belch",
      "img": "icons/svg/d20-black.svg",
      "documentId": null,
      "flags": {}
    },
    {
      "type": "text",
      "weight": 1,
      "range": [
        58,
        58
      ],
      "drawn": false,
      "_id": "oOLhSQb0PREFwcfC",
      "text": "belittle",
      "img": "icons/svg/d20-black.svg",
      "documentId": null,
      "flags": {}
    },
    {
      "type": "text",
      "weight": 1,
      "range": [
        59,
        59
      ],
      "drawn": false,
      "_id": "wHAdZbDXQjZ4Y5D5",
      "text": "bellow",
      "img": "icons/svg/d20-black.svg",
      "documentId": null,
      "flags": {}
    },
    {
      "type": "text",
      "weight": 1,
      "range": [
        60,
        60
      ],
      "drawn": false,
      "_id": "1S1I35jBTgFTKXi1",
      "text": "bemoan",
      "img": "icons/svg/d20-black.svg",
      "documentId": null,
      "flags": {}
    },
    {
      "type": "text",
      "weight": 1,
      "range": [
        61,
        61
      ],
      "drawn": false,
      "_id": "mmya2rcbuU2HvnMJ",
      "text": "bequeath",
      "img": "icons/svg/d20-black.svg",
      "documentId": null,
      "flags": {}
    },
    {
      "type": "text",
      "weight": 1,
      "range": [
        62,
        62
      ],
      "drawn": false,
      "_id": "wCenpwpLXcNnFJO5",
      "text": "berate",
      "img": "icons/svg/d20-black.svg",
      "documentId": null,
      "flags": {}
    },
    {
      "type": "text",
      "weight": 1,
      "range": [
        63,
        63
      ],
      "drawn": false,
      "_id": "hRJGV0cx3C5MLfeW",
      "text": "besiege",
      "img": "icons/svg/d20-black.svg",
      "documentId": null,
      "flags": {}
    },
    {
      "type": "text",
      "weight": 1,
      "range": [
        64,
        64
      ],
      "drawn": false,
      "_id": "5cwkoKJDgvzSv0P9",
      "text": "bestow",
      "img": "icons/svg/d20-black.svg",
      "documentId": null,
      "flags": {}
    },
    {
      "type": "text",
      "weight": 1,
      "range": [
        65,
        65
      ],
      "drawn": false,
      "_id": "IQwqCAL5LhAq4uZV",
      "text": "bet",
      "img": "icons/svg/d20-black.svg",
      "documentId": null,
      "flags": {}
    },
    {
      "type": "text",
      "weight": 1,
      "range": [
        66,
        66
      ],
      "drawn": false,
      "_id": "DnzF6P9vceD2LpXl",
      "text": "betray",
      "img": "icons/svg/d20-black.svg",
      "documentId": null,
      "flags": {}
    },
    {
      "type": "text",
      "weight": 1,
      "range": [
        67,
        67
      ],
      "drawn": false,
      "_id": "VWlhGWGmD9EmrOda",
      "text": "bewilder",
      "img": "icons/svg/d20-black.svg",
      "documentId": null,
      "flags": {}
    },
    {
      "type": "text",
      "weight": 1,
      "range": [
        68,
        68
      ],
      "drawn": false,
      "_id": "5CQsVd96xhQOpt4N",
      "text": "bewitch",
      "img": "icons/svg/d20-black.svg",
      "documentId": null,
      "flags": {}
    },
    {
      "type": "text",
      "weight": 1,
      "range": [
        69,
        69
      ],
      "drawn": false,
      "_id": "Gp4lufLf74qmwkgi",
      "text": "bid",
      "img": "icons/svg/d20-black.svg",
      "documentId": null,
      "flags": {}
    },
    {
      "type": "text",
      "weight": 1,
      "range": [
        70,
        70
      ],
      "drawn": false,
      "_id": "u2R1xrDJxT1XGlNp",
      "text": "bite",
      "img": "icons/svg/d20-black.svg",
      "documentId": null,
      "flags": {}
    },
    {
      "type": "text",
      "weight": 1,
      "range": [
        71,
        71
      ],
      "drawn": false,
      "_id": "fjLmXAL0yafYhNc3",
      "text": "blab",
      "img": "icons/svg/d20-black.svg",
      "documentId": null,
      "flags": {}
    },
    {
      "type": "text",
      "weight": 1,
      "range": [
        72,
        72
      ],
      "drawn": false,
      "_id": "wxhQAmsUfyUpy4uh",
      "text": "blame",
      "img": "icons/svg/d20-black.svg",
      "documentId": null,
      "flags": {}
    },
    {
      "type": "text",
      "weight": 1,
      "range": [
        73,
        73
      ],
      "drawn": false,
      "_id": "daBx4H8JD18VHTsF",
      "text": "blast",
      "img": "icons/svg/d20-black.svg",
      "documentId": null,
      "flags": {}
    },
    {
      "type": "text",
      "weight": 1,
      "range": [
        74,
        74
      ],
      "drawn": false,
      "_id": "EDL2BnNTtuRBxJjF",
      "text": "bleed",
      "img": "icons/svg/d20-black.svg",
      "documentId": null,
      "flags": {}
    },
    {
      "type": "text",
      "weight": 1,
      "range": [
        75,
        75
      ],
      "drawn": false,
      "_id": "61Cmga9WpziXaRH2",
      "text": "bless",
      "img": "icons/svg/d20-black.svg",
      "documentId": null,
      "flags": {}
    },
    {
      "type": "text",
      "weight": 1,
      "range": [
        76,
        76
      ],
      "drawn": false,
      "_id": "xQOSPkNMUkHDS2yr",
      "text": "blunder",
      "img": "icons/svg/d20-black.svg",
      "documentId": null,
      "flags": {}
    },
    {
      "type": "text",
      "weight": 1,
      "range": [
        77,
        77
      ],
      "drawn": false,
      "_id": "QVwNYxIVntdR4DYt",
      "text": "blurt",
      "img": "icons/svg/d20-black.svg",
      "documentId": null,
      "flags": {}
    },
    {
      "type": "text",
      "weight": 1,
      "range": [
        78,
        78
      ],
      "drawn": false,
      "_id": "SZq8IWSjkyGewW6s",
      "text": "boast",
      "img": "icons/svg/d20-black.svg",
      "documentId": null,
      "flags": {}
    },
    {
      "type": "text",
      "weight": 1,
      "range": [
        79,
        79
      ],
      "drawn": false,
      "_id": "qFCSSqKBPMelUkLb",
      "text": "bother",
      "img": "icons/svg/d20-black.svg",
      "documentId": null,
      "flags": {}
    },
    {
      "type": "text",
      "weight": 1,
      "range": [
        80,
        80
      ],
      "drawn": false,
      "_id": "ZbtnWXnB2EhEpjAP",
      "text": "bow",
      "img": "icons/svg/d20-black.svg",
      "documentId": null,
      "flags": {}
    },
    {
      "type": "text",
      "weight": 1,
      "range": [
        81,
        81
      ],
      "drawn": false,
      "_id": "LTVehk9ygkBCDeaV",
      "text": "brag",
      "img": "icons/svg/d20-black.svg",
      "documentId": null,
      "flags": {}
    },
    {
      "type": "text",
      "weight": 1,
      "range": [
        82,
        82
      ],
      "drawn": false,
      "_id": "txE41mkcOC5KofnP",
      "text": "break",
      "img": "icons/svg/d20-black.svg",
      "documentId": null,
      "flags": {}
    },
    {
      "type": "text",
      "weight": 1,
      "range": [
        83,
        83
      ],
      "drawn": false,
      "_id": "25nKHXy393dZWPjX",
      "text": "bribe",
      "img": "icons/svg/d20-black.svg",
      "documentId": null,
      "flags": {}
    },
    {
      "type": "text",
      "weight": 1,
      "range": [
        84,
        84
      ],
      "drawn": false,
      "_id": "DmWjIH4ACp3J2T0m",
      "text": "broadcast",
      "img": "icons/svg/d20-black.svg",
      "documentId": null,
      "flags": {}
    },
    {
      "type": "text",
      "weight": 1,
      "range": [
        85,
        85
      ],
      "drawn": false,
      "_id": "84ee60EX7DEU64iU",
      "text": "build",
      "img": "icons/svg/d20-black.svg",
      "documentId": null,
      "flags": {}
    },
    {
      "type": "text",
      "weight": 1,
      "range": [
        86,
        86
      ],
      "drawn": false,
      "_id": "2DnyQ0SJgC34ZQjz",
      "text": "capture",
      "img": "icons/svg/d20-black.svg",
      "documentId": null,
      "flags": {}
    },
    {
      "type": "text",
      "weight": 1,
      "range": [
        87,
        87
      ],
      "drawn": false,
      "_id": "rQXnssNYyP5Slx8X",
      "text": "careen",
      "img": "icons/svg/d20-black.svg",
      "documentId": null,
      "flags": {}
    },
    {
      "type": "text",
      "weight": 1,
      "range": [
        88,
        88
      ],
      "drawn": false,
      "_id": "q0rTTk6Ub0UNINnC",
      "text": "caress",
      "img": "icons/svg/d20-black.svg",
      "documentId": null,
      "flags": {}
    },
    {
      "type": "text",
      "weight": 1,
      "range": [
        89,
        89
      ],
      "drawn": false,
      "_id": "TGOtujbtdL27HTzr",
      "text": "carry",
      "img": "icons/svg/d20-black.svg",
      "documentId": null,
      "flags": {}
    },
    {
      "type": "text",
      "weight": 1,
      "range": [
        90,
        90
      ],
      "drawn": false,
      "_id": "W8eqWXWRSdk355zP",
      "text": "carve",
      "img": "icons/svg/d20-black.svg",
      "documentId": null,
      "flags": {}
    },
    {
      "type": "text",
      "weight": 1,
      "range": [
        91,
        91
      ],
      "drawn": false,
      "_id": "IWmY0EFsqJ8MgFub",
      "text": "catch",
      "img": "icons/svg/d20-black.svg",
      "documentId": null,
      "flags": {}
    },
    {
      "type": "text",
      "weight": 1,
      "range": [
        92,
        92
      ],
      "drawn": false,
      "_id": "bwWwZencdoERvjhM",
      "text": "celebrate",
      "img": "icons/svg/d20-black.svg",
      "documentId": null,
      "flags": {}
    },
    {
      "type": "text",
      "weight": 1,
      "range": [
        93,
        93
      ],
      "drawn": false,
      "_id": "XAVW4G6kyYGf7nfn",
      "text": "challenge",
      "img": "icons/svg/d20-black.svg",
      "documentId": null,
      "flags": {}
    },
    {
      "type": "text",
      "weight": 1,
      "range": [
        94,
        94
      ],
      "drawn": false,
      "_id": "AXyH5vNm9wKK5qE7",
      "text": "charm",
      "img": "icons/svg/d20-black.svg",
      "documentId": null,
      "flags": {}
    },
    {
      "type": "text",
      "weight": 1,
      "range": [
        95,
        95
      ],
      "drawn": false,
      "_id": "vY4zsdNwfod7YDec",
      "text": "chase",
      "img": "icons/svg/d20-black.svg",
      "documentId": null,
      "flags": {}
    },
    {
      "type": "text",
      "weight": 1,
      "range": [
        96,
        96
      ],
      "drawn": false,
      "_id": "WCZK26Cw2nXcskiS",
      "text": "cheat",
      "img": "icons/svg/d20-black.svg",
      "documentId": null,
      "flags": {}
    },
    {
      "type": "text",
      "weight": 1,
      "range": [
        97,
        97
      ],
      "drawn": false,
      "_id": "Ut5fhDEUWAetakVu",
      "text": "choke",
      "img": "icons/svg/d20-black.svg",
      "documentId": null,
      "flags": {}
    },
    {
      "type": "text",
      "weight": 1,
      "range": [
        98,
        98
      ],
      "drawn": false,
      "_id": "NA3zRcgYpC0UaSZS",
      "text": "claim",
      "img": "icons/svg/d20-black.svg",
      "documentId": null,
      "flags": {}
    },
    {
      "type": "text",
      "weight": 1,
      "range": [
        99,
        99
      ],
      "drawn": false,
      "_id": "rMCyBE5yRlDVRlyZ",
      "text": "climb",
      "img": "icons/svg/d20-black.svg",
      "documentId": null,
      "flags": {}
    }
  ],
  "replacement": true,
  "displayRoll": true,
  "flags": {
    "exportSource": {
      "world": "coc",
      "system": "CoC7",
      "coreVersion": "12.328",
      "systemVersion": "0.10.19"
    }
  },
  "_stats": {
    "coreVersion": "12.328",
    "systemId": "CoC7",
    "systemVersion": "0.10.19",
    "createdTime": 1721560619426,
    "modifiedTime": 1721561354349,
    "lastModifiedBy": "C1FqhRYA3vvqjbRC"
  },
  "formula": "1d100"
}