{
  "folder": "KLnxnYUswgPhxake",
  "name": "Clues",
  "description": "",
  "results": [
    {
      "type": "text",
      "weight": 1,
      "range": [
        1,
        2
      ],
      "drawn": false,
      "_id": "1wGz7Khwl5o0kbRt",
      "text": "A note left by a professor friend.",
      "img": "icons/svg/d20-black.svg",
      "documentId": null,
      "flags": {}
    },
    {
      "type": "text",
      "weight": 1,
      "range": [
        3,
        4
      ],
      "drawn": false,
      "_id": "nvMdSzfimARpKHre",
      "text": "A strange, gooey substance that gives off a bizarre, unidentifiable smell.",
      "img": "icons/svg/d20-black.svg",
      "documentId": null,
      "flags": {}
    },
    {
      "type": "text",
      "weight": 1,
      "range": [
        5,
        6
      ],
      "drawn": false,
      "_id": "ZDseFRbGmWT3fJtd",
      "text": "A last will and testament in a sealed envelope.",
      "img": "icons/svg/d20-black.svg",
      "documentId": null,
      "flags": {}
    },
    {
      "type": "text",
      "weight": 1,
      "range": [
        7,
        8
      ],
      "drawn": false,
      "_id": "XFxGhrz0yyjmGKCv",
      "text": "A map of a place you have never seen before. One location on it has a handwritten arrow with the word “Here” next to it.",
      "img": "icons/svg/d20-black.svg",
      "documentId": null,
      "flags": {}
    },
    {
      "type": "text",
      "weight": 1,
      "range": [
        9,
        10
      ],
      "drawn": false,
      "_id": "IdgEFVWMk6VxLrI9",
      "text": "Some sheets of paper filled with indecipherable symbols.",
      "img": "icons/svg/d20-black.svg",
      "documentId": null,
      "flags": {}
    },
    {
      "type": "text",
      "weight": 1,
      "range": [
        11,
        12
      ],
      "drawn": false,
      "_id": "fF6EfeK7fnJzDcEc",
      "text": "A key, engraved with strange glyphs.",
      "img": "icons/svg/d20-black.svg",
      "documentId": null,
      "flags": {}
    },
    {
      "type": "text",
      "weight": 1,
      "range": [
        13,
        14
      ],
      "drawn": false,
      "_id": "tDBFCEQPvzqNRmxp",
      "text": "A ripped piece of clothing, bloodstained",
      "img": "icons/svg/d20-black.svg",
      "documentId": null,
      "flags": {}
    },
    {
      "type": "text",
      "weight": 1,
      "range": [
        15,
        16
      ],
      "drawn": false,
      "_id": "vWtaUANJDiatlPse",
      "text": "A severed limb",
      "img": "icons/svg/d20-black.svg",
      "documentId": null,
      "flags": {}
    },
    {
      "type": "text",
      "weight": 1,
      "range": [
        17,
        18
      ],
      "drawn": false,
      "_id": "GzisaatR0gb7aozE",
      "text": "A severed extremity",
      "img": "icons/svg/d20-black.svg",
      "documentId": null,
      "flags": {}
    },
    {
      "type": "text",
      "weight": 1,
      "range": [
        19,
        20
      ],
      "drawn": false,
      "_id": "5V8tuhN4atXe0pCI",
      "text": "A severed head",
      "img": "icons/svg/d20-black.svg",
      "documentId": null,
      "flags": {}
    },
    {
      "type": "text",
      "weight": 1,
      "range": [
        21,
        22
      ],
      "drawn": false,
      "_id": "w5XzrBZm2cUrvXWr",
      "text": "Strange odour on the air",
      "img": "icons/svg/d20-black.svg",
      "documentId": null,
      "flags": {}
    },
    {
      "type": "text",
      "weight": 1,
      "range": [
        23,
        24
      ],
      "drawn": false,
      "_id": "3t0g0Ekgnsm3Crsh",
      "text": "A mysterious figurine",
      "img": "icons/svg/d20-black.svg",
      "documentId": null,
      "flags": {}
    },
    {
      "type": "text",
      "weight": 1,
      "range": [
        25,
        26
      ],
      "drawn": false,
      "_id": "Al5xxx2gfnKIE8hf",
      "text": "An empty, but ornate jewellery box",
      "img": "icons/svg/d20-black.svg",
      "documentId": null,
      "flags": {}
    },
    {
      "type": "text",
      "weight": 1,
      "range": [
        27,
        28
      ],
      "drawn": false,
      "_id": "AutvMc9ZXDDiCZOK",
      "text": "A child’s doll",
      "img": "icons/svg/d20-black.svg",
      "documentId": null,
      "flags": {}
    },
    {
      "type": "text",
      "weight": 1,
      "range": [
        29,
        30
      ],
      "drawn": false,
      "_id": "64i2CrssMC7i1Fhk",
      "text": "A perfectly spherical stone",
      "img": "icons/svg/d20-black.svg",
      "documentId": null,
      "flags": {}
    },
    {
      "type": "text",
      "weight": 1,
      "range": [
        31,
        32
      ],
      "drawn": false,
      "_id": "GPJOoUm1zFpvnkuJ",
      "text": "A strange coin",
      "img": "icons/svg/d20-black.svg",
      "documentId": null,
      "flags": {}
    },
    {
      "type": "text",
      "weight": 1,
      "range": [
        35,
        36
      ],
      "drawn": false,
      "_id": "USqSCWxUFBiWFGqg",
      "text": "Belongings, supplies, all torn and ripped open. Possibly a backpack which  looks like it has been rifled through by a beast of some kind.",
      "img": "icons/svg/d20-black.svg",
      "documentId": null,
      "flags": {}
    },
    {
      "type": "text",
      "weight": 1,
      "range": [
        37,
        38
      ],
      "drawn": false,
      "_id": "8kRyMxKL5gaOUr73",
      "text": "Someone is singing a strange song. You might meet them in the open, or you might hear them in the room next door. The song haunts you.",
      "img": "icons/svg/d20-black.svg",
      "documentId": null,
      "flags": {}
    },
    {
      "type": "text",
      "weight": 1,
      "range": [
        33,
        34
      ],
      "drawn": false,
      "_id": "IsljKtPjeovinWOc",
      "text": "An urn of ashes",
      "img": "icons/svg/d20-black.svg",
      "documentId": null,
      "flags": {}
    },
    {
      "type": "text",
      "weight": 1,
      "range": [
        39,
        40
      ],
      "drawn": false,
      "_id": "wHmmCVtOSl5cESZR",
      "text": "A strange looking hair / in the wild, a tuft of fur caught on a branch",
      "img": "icons/svg/d20-black.svg",
      "documentId": null,
      "flags": {}
    },
    {
      "type": "text",
      "weight": 1,
      "range": [
        43,
        44
      ],
      "drawn": false,
      "_id": "8IfWl4zunoE02GYT",
      "text": "A discarded revolver",
      "img": "icons/svg/d20-black.svg",
      "documentId": null,
      "flags": {}
    },
    {
      "type": "text",
      "weight": 1,
      "range": [
        45,
        46
      ],
      "drawn": false,
      "_id": "2HuJbxK7eNZQkc5R",
      "text": "Shell casings from a shotgun",
      "img": "icons/svg/d20-black.svg",
      "documentId": null,
      "flags": {}
    },
    {
      "type": "text",
      "weight": 1,
      "range": [
        41,
        42
      ],
      "drawn": false,
      "_id": "3ttg7RBIOQERKW7n",
      "text": "A rusty old carving knife with nicks in the blade.",
      "img": "icons/svg/d20-black.svg",
      "documentId": null,
      "flags": {}
    },
    {
      "type": "text",
      "weight": 1,
      "range": [
        49,
        50
      ],
      "drawn": false,
      "_id": "I26wh5fEjtav5lSI",
      "text": "Tracks leading away from this area",
      "img": "icons/svg/d20-black.svg",
      "documentId": null,
      "flags": {}
    },
    {
      "type": "text",
      "weight": 1,
      "range": [
        47,
        48
      ],
      "drawn": false,
      "_id": "iQR43ZK04n1QfOGN",
      "text": "Rope, obviously cut with a blade",
      "img": "icons/svg/d20-black.svg",
      "documentId": null,
      "flags": {}
    },
    {
      "type": "text",
      "weight": 1,
      "range": [
        51,
        52
      ],
      "drawn": false,
      "_id": "ZZ7qFe4jkEybXZCp",
      "text": "Blood stains spattered up the wall / on a nearby boulder or tree if outside",
      "img": "icons/svg/d20-black.svg",
      "documentId": null,
      "flags": {}
    },
    {
      "type": "text",
      "weight": 1,
      "range": [
        55,
        56
      ],
      "drawn": false,
      "_id": "hSj9kOddLbpFJmh6",
      "text": "A dead body bearing suspicious markings - whippings, brandings?",
      "img": "icons/svg/d20-black.svg",
      "documentId": null,
      "flags": {}
    },
    {
      "type": "text",
      "weight": 1,
      "range": [
        57,
        58
      ],
      "drawn": false,
      "_id": "Vh9CgAymkZAHP1qp",
      "text": "An old wooden toy you used to play with as a child and had forgotten until now",
      "img": "icons/svg/d20-black.svg",
      "documentId": null,
      "flags": {}
    },
    {
      "type": "text",
      "weight": 1,
      "range": [
        53,
        54
      ],
      "drawn": false,
      "_id": "tQ7xDjz8BV40PnVs",
      "text": "A rune, made out in carefully placed stones on the ground",
      "img": "icons/svg/d20-black.svg",
      "documentId": null,
      "flags": {}
    },
    {
      "type": "text",
      "weight": 1,
      "range": [
        59,
        60
      ],
      "drawn": false,
      "_id": "hhuhpWvchhOZb40I",
      "text": "Car tyre tracks",
      "img": "icons/svg/d20-black.svg",
      "documentId": null,
      "flags": {}
    },
    {
      "type": "text",
      "weight": 1,
      "range": [
        63,
        64
      ],
      "drawn": false,
      "_id": "pJrPt39zw781QxR6",
      "text": "A rope dangling from above",
      "img": "icons/svg/d20-black.svg",
      "documentId": null,
      "flags": {}
    },
    {
      "type": "text",
      "weight": 1,
      "range": [
        65,
        66
      ],
      "drawn": false,
      "_id": "j6adCUZjgRBp1lHK",
      "text": "A grave which has been dug out, the shovel left behind.",
      "img": "icons/svg/d20-black.svg",
      "documentId": null,
      "flags": {}
    },
    {
      "type": "text",
      "weight": 1,
      "range": [
        61,
        62
      ],
      "drawn": false,
      "_id": "bpgAKPHu5klnlKCn",
      "text": "A note with only the name of the nearby town written on it",
      "img": "icons/svg/d20-black.svg",
      "documentId": null,
      "flags": {}
    },
    {
      "type": "text",
      "weight": 1,
      "range": [
        67,
        68
      ],
      "drawn": false,
      "_id": "LbUM7UD7PdoR6qqz",
      "text": "A broken lantern",
      "img": "icons/svg/d20-black.svg",
      "documentId": null,
      "flags": {}
    },
    {
      "type": "text",
      "weight": 1,
      "range": [
        71,
        72
      ],
      "drawn": false,
      "_id": "ggJ1tBICUwZKS5OX",
      "text": "Singing, distant and mournful",
      "img": "icons/svg/d20-black.svg",
      "documentId": null,
      "flags": {}
    },
    {
      "type": "text",
      "weight": 1,
      "range": [
        73,
        74
      ],
      "drawn": false,
      "_id": "kBtPEr52B1ry1nA1",
      "text": "A clear trail where something large has been dragged away",
      "img": "icons/svg/d20-black.svg",
      "documentId": null,
      "flags": {}
    },
    {
      "type": "text",
      "weight": 1,
      "range": [
        75,
        76
      ],
      "drawn": false,
      "_id": "X8yERfi3LKezUCOQ",
      "text": "A chill wind, no matter what the weather",
      "img": "icons/svg/d20-black.svg",
      "documentId": null,
      "flags": {}
    },
    {
      "type": "text",
      "weight": 1,
      "range": [
        69,
        70
      ],
      "drawn": false,
      "_id": "tVYyjcM4ZKdbkJnI",
      "text": "A bear or man trap spattered in blood",
      "img": "icons/svg/d20-black.svg",
      "documentId": null,
      "flags": {}
    },
    {
      "type": "text",
      "weight": 1,
      "range": [
        79,
        80
      ],
      "drawn": false,
      "_id": "qFnew36Asg2o0OMe",
      "text": "A letter of recommendation from an aristocrat",
      "img": "icons/svg/d20-black.svg",
      "documentId": null,
      "flags": {}
    },
    {
      "type": "text",
      "weight": 1,
      "range": [
        81,
        82
      ],
      "drawn": false,
      "_id": "AUaeDG1rJBzH0w1U",
      "text": "The sound of glass smashing",
      "img": "icons/svg/d20-black.svg",
      "documentId": null,
      "flags": {}
    },
    {
      "type": "text",
      "weight": 1,
      "range": [
        77,
        78
      ],
      "drawn": false,
      "_id": "36pqYj54NKtN0GFM",
      "text": "A map of a labyrinth neatly made on a piece of paper",
      "img": "icons/svg/d20-black.svg",
      "documentId": null,
      "flags": {}
    },
    {
      "type": "text",
      "weight": 1,
      "range": [
        83,
        84
      ],
      "drawn": false,
      "_id": "O0OBqOzeL5NqSWpr",
      "text": "Gunshots in the distance!",
      "img": "icons/svg/d20-black.svg",
      "documentId": null,
      "flags": {}
    },
    {
      "type": "text",
      "weight": 1,
      "range": [
        85,
        86
      ],
      "drawn": false,
      "_id": "rcxQJs0qodhRAPpT",
      "text": "A piece of shell that looks like it came from a large egg",
      "img": "icons/svg/d20-black.svg",
      "documentId": null,
      "flags": {}
    },
    {
      "type": "text",
      "weight": 1,
      "range": [
        87,
        88
      ],
      "drawn": false,
      "_id": "Vx9JbxaEBqQM1CVc",
      "text": "Book containing a history of the world - but certain events have been crossed out messily in black pen, and the word “WRONG” scrawled around them.",
      "img": "icons/svg/d20-black.svg",
      "documentId": null,
      "flags": {}
    },
    {
      "type": "text",
      "weight": 1,
      "range": [
        89,
        90
      ],
      "drawn": false,
      "_id": "dUmQrNaS0sF1aHWh",
      "text": "An empty liquor bottle",
      "img": "icons/svg/d20-black.svg",
      "documentId": null,
      "flags": {}
    },
    {
      "type": "text",
      "weight": 1,
      "range": [
        91,
        92
      ],
      "drawn": false,
      "_id": "pwJ5Gh6skhFTENXl",
      "text": "Clothing, ripped and torn",
      "img": "icons/svg/d20-black.svg",
      "documentId": null,
      "flags": {}
    },
    {
      "type": "text",
      "weight": 1,
      "range": [
        93,
        94
      ],
      "drawn": false,
      "_id": "GGmkAWjiqj86EapS",
      "text": "A shattered timepiece",
      "img": "icons/svg/d20-black.svg",
      "documentId": null,
      "flags": {}
    },
    {
      "type": "text",
      "weight": 1,
      "range": [
        95,
        96
      ],
      "drawn": false,
      "_id": "HPDwYlSxsZrXEwgx",
      "text": "A timepiece that runs backwards.",
      "img": "icons/svg/d20-black.svg",
      "documentId": null,
      "flags": {}
    },
    {
      "type": "text",
      "weight": 1,
      "range": [
        97,
        98
      ],
      "drawn": false,
      "_id": "VQvzm5o7fRgmf1Lu",
      "text": "An ancient relic of some sort",
      "img": "icons/svg/d20-black.svg",
      "documentId": null,
      "flags": {}
    },
    {
      "type": "text",
      "weight": 1,
      "range": [
        99,
        100
      ],
      "drawn": false,
      "_id": "WlOjHmNdqBHd4dKN",
      "text": "A grimoire or Mythos tome",
      "img": "icons/svg/d20-black.svg",
      "documentId": null,
      "flags": {}
    }
  ],
  "replacement": true,
  "displayRoll": true,
  "formula": "1d100"
}
