{
  "folder": "KLnxnYUswgPhxake",
  "name": "Visual Effect",
  "description": "",
  "results": [
    {
      "type": "text",
      "weight": 1,
      "range": [
        1,
        4
      ],
      "drawn": false,
      "_id": "4Q1gL7qIfgEdy35Z",
      "text": "Strange lights coming from outside",
      "img": "icons/svg/d20-black.svg",
      "documentId": null,
      "flags": {}
    },
    {
      "type": "text",
      "weight": 1,
      "range": [
        5,
        8
      ],
      "drawn": false,
      "_id": "6LgzGv0moVCw57Vc",
      "text": "The dark silhouette of a person in the room / nearby",
      "img": "icons/svg/d20-black.svg",
      "documentId": null,
      "flags": {}
    },
    {
      "type": "text",
      "weight": 1,
      "range": [
        9,
        12
      ],
      "drawn": false,
      "_id": "ymPDlPUUTcNzgW11",
      "text": "Water begins seeping in under the door",
      "img": "icons/svg/d20-black.svg",
      "documentId": null,
      "flags": {}
    },
    {
      "type": "text",
      "weight": 1,
      "range": [
        13,
        16
      ],
      "drawn": false,
      "_id": "Og33Y7fX45iKmA8m",
      "text": "A child, standing, simply staring at you",
      "img": "icons/svg/d20-black.svg",
      "documentId": null,
      "flags": {}
    },
    {
      "type": "text",
      "weight": 1,
      "range": [
        17,
        20
      ],
      "drawn": false,
      "_id": "bUZ3VBbnt0puJ9GH",
      "text": "A face at the window, just for a moment",
      "img": "icons/svg/d20-black.svg",
      "documentId": null,
      "flags": {}
    },
    {
      "type": "text",
      "weight": 1,
      "range": [
        21,
        24
      ],
      "drawn": false,
      "_id": "q3NKouchbFUxiN00",
      "text": "The shape of a person (or creature) walking past the window",
      "img": "icons/svg/d20-black.svg",
      "documentId": null,
      "flags": {}
    },
    {
      "type": "text",
      "weight": 1,
      "range": [
        25,
        28
      ],
      "drawn": false,
      "_id": "Nj9npd96L3aRunNU",
      "text": "A wounded animal, lying on the ground, whimpering",
      "img": "icons/svg/d20-black.svg",
      "documentId": null,
      "flags": {}
    },
    {
      "type": "text",
      "weight": 1,
      "range": [
        29,
        32
      ],
      "drawn": false,
      "_id": "qWCwzGxsh1D7OdzX",
      "text": "The power goes out",
      "img": "icons/svg/d20-black.svg",
      "documentId": null,
      "flags": {}
    },
    {
      "type": "text",
      "weight": 1,
      "range": [
        33,
        36
      ],
      "drawn": false,
      "_id": "x7VE1s0dmX67oDBR",
      "text": "Blood and guts strewn over the floor.",
      "img": "icons/svg/d20-black.svg",
      "documentId": null,
      "flags": {}
    },
    {
      "type": "text",
      "weight": 1,
      "range": [
        37,
        40
      ],
      "drawn": false,
      "_id": "JxVHg249VGxhJAia",
      "text": "Shadows on the wall, vast and looming.",
      "img": "icons/svg/d20-black.svg",
      "documentId": null,
      "flags": {}
    },
    {
      "type": "text",
      "weight": 1,
      "range": [
        41,
        44
      ],
      "drawn": false,
      "_id": "pjmWtepYxYrlWKfJ",
      "text": "Bugs crawling over every surface.",
      "img": "icons/svg/d20-black.svg",
      "documentId": null,
      "flags": {}
    },
    {
      "type": "text",
      "weight": 1,
      "range": [
        45,
        48
      ],
      "drawn": false,
      "_id": "a6cZiaBTaoQNcOQW",
      "text": "Pools of blood begin collecting on the floor.",
      "img": "icons/svg/d20-black.svg",
      "documentId": null,
      "flags": {}
    },
    {
      "type": "text",
      "weight": 1,
      "range": [
        49,
        52
      ],
      "drawn": false,
      "_id": "5xzVKPyW0gKFsqHs",
      "text": "Blood seeping from the walls",
      "img": "icons/svg/d20-black.svg",
      "documentId": null,
      "flags": {}
    },
    {
      "type": "text",
      "weight": 1,
      "range": [
        53,
        56
      ],
      "drawn": false,
      "_id": "BjT9FtqO6PEkZvQ8",
      "text": "On its own, the radio turns on and starts playing jazz.",
      "img": "icons/svg/d20-black.svg",
      "documentId": null,
      "flags": {}
    },
    {
      "type": "text",
      "weight": 1,
      "range": [
        57,
        60
      ],
      "drawn": false,
      "_id": "3fTtGKk6uKHo90nm",
      "text": "One or more dead bodies",
      "img": "icons/svg/d20-black.svg",
      "documentId": null,
      "flags": {}
    },
    {
      "type": "text",
      "weight": 1,
      "range": [
        61,
        64
      ],
      "drawn": false,
      "_id": "zez2vSFvjYr1PHhz",
      "text": "Your teeth begin coming loose, falling out of your mouth",
      "img": "icons/svg/d20-black.svg",
      "documentId": null,
      "flags": {}
    },
    {
      "type": "text",
      "weight": 1,
      "range": [
        65,
        68
      ],
      "drawn": false,
      "_id": "YVCQQvYz39YOUDhO",
      "text": "A giant hole, an abyss, opens in the floor in front of you",
      "img": "icons/svg/d20-black.svg",
      "documentId": null,
      "flags": {}
    },
    {
      "type": "text",
      "weight": 1,
      "range": [
        69,
        72
      ],
      "drawn": false,
      "_id": "oMvSrWM9m43rJtbD",
      "text": "The patterned wallpaper starts moving (or if outside) you see faces appear in the trees, rocks, everywhere, moving",
      "img": "icons/svg/d20-black.svg",
      "documentId": null,
      "flags": {}
    },
    {
      "type": "text",
      "weight": 1,
      "range": [
        73,
        76
      ],
      "drawn": false,
      "_id": "zxwrzA8DBlHn7NMI",
      "text": "The furniture becomes a living thing, made of flesh, with pulsating veins",
      "img": "icons/svg/d20-black.svg",
      "documentId": null,
      "flags": {}
    },
    {
      "type": "text",
      "weight": 1,
      "range": [
        77,
        80
      ],
      "drawn": false,
      "_id": "965eh1kqjWRIJEuG",
      "text": "Everything goes dark, and an ominous voice addresses you",
      "img": "icons/svg/d20-black.svg",
      "documentId": null,
      "flags": {}
    },
    {
      "type": "text",
      "weight": 1,
      "range": [
        81,
        84
      ],
      "drawn": false,
      "_id": "sopmccWiuptaohZb",
      "text": "Ghostly figures moving about",
      "img": "icons/svg/d20-black.svg",
      "documentId": null,
      "flags": {}
    },
    {
      "type": "text",
      "weight": 1,
      "range": [
        85,
        88
      ],
      "drawn": false,
      "_id": "qlCKUTK5cOx1xYll",
      "text": "The walls are breathing, pulsing slowly in and out",
      "img": "icons/svg/d20-black.svg",
      "documentId": null,
      "flags": {}
    },
    {
      "type": "text",
      "weight": 1,
      "range": [
        89,
        92
      ],
      "drawn": false,
      "_id": "svp2NnleUCvSPJGK",
      "text": "A vision of yourself being brutally killed",
      "img": "icons/svg/d20-black.svg",
      "documentId": null,
      "flags": {}
    },
    {
      "type": "text",
      "weight": 1,
      "range": [
        93,
        96
      ],
      "drawn": false,
      "_id": "cxZimp8pbhEv6Wjc",
      "text": "Writhing tentacles, out of nowhere, wrap you in their embrace",
      "img": "icons/svg/d20-black.svg",
      "documentId": null,
      "flags": {}
    },
    {
      "type": "text",
      "weight": 1,
      "range": [
        97,
        100
      ],
      "drawn": false,
      "_id": "Mq03lzr7WmCSHfWB",
      "text": "The shape of a Mythos creature approaches... Is it real?",
      "img": "icons/svg/d20-black.svg",
      "documentId": null,
      "flags": {}
    }
  ],
  "replacement": true,
  "displayRoll": true,
  "formula": "1d100"
}
